Amazon Reviews,Fine Food Reviews,IMDB,Sentiment140,Twitter Airline,overall,classifier
0.65829918,0.197413096,0.784609121,0.524242424,0.349927501,0.502898265,textblob_naivebayes
0.077868852,0.690541633,0.010179153,0.156565657,0.371677139,0.261366487,textblob_pattern
0.004098361,0.685529507,0.000407166,0.1,0.336394393,0.225285885,vader
0.731045082,0.670816492,0.596905538,0.537373737,0.490575157,0.605343201,OwnModel
