{
    "acc": [
        0.7683010132782084,
        0.8033850708092319,
        0.8132139198002221,
        0.818678608063181,
        0.8251868999708736
    ],
    "val_acc": [
        0.6308060109289617,
        0.7496584696196468,
        0.6912568302753844,
        0.7460724043715847,
        0.741974043715847
    ],
    "Amazon Reviews": 0.8632172131147541,
    "Fine Food Reviews": 0.8132578819917881,
    "IMDB": 0.8452768727700174,
    "Sentiment140": 0.7626262626262627,
    "Twitter Airline": 0.7810536492498904
}